district,income_mean,expenditure_mean
Lahad Datu,5681,2829
Semporna,5933,2578
Sandakan,6020,3076
Kinabatangan,5128,1895
Beluran,3907,1805
Kota Kinabalu,5128,1895
Ranau,4756,2682
Kota Belud,4382,2371
Tuaran,5050,2932
Penampang,6570,3198
Papar,5733,2887
Kudat,3966,2523
Kota Marudu,3771,2538
Pitas,3378,2064
Beaufort,4861,2748
Kuala Penyu,4275,2135
Sipitang,5271,2279
Tenom,4734,2606
Nabawan,4443,2483
Keningau,5445,2770
Tambunan,4826,2842
Kunak,5194,2461
Tongod,3364,2000
Putatan,6471,3113
Telupid,4762,1903
kalabakan,6212,2671
