district,income_mean,expenditure_mean
Kuching,7376,4227
Bau,5183,2954
Lundu,4428,2621
Samarahan,6789,3980
Serian,4878,2971
Simunjan,3833,2290
Sri Aman,4621,2907
Lubok Antu,3905,2837
Betong,3962,2851
Saratok,4202,2868
Sarikei,4202,2868
Maradong,4091,2600
Daro,3712,2403
Julau,3506,2769
Sibu,6140,3618
Dalat,4790,3075
Mukah,5447,2972
Kanowit,3480,2497
Bintulu,8324,4046
Tatau,5345,3237
Kapit,4344,3642
Song,3443,2574
Belaga,4229,2187
Miri,7235,3864
Marudi,4605,2433
Limbag,5989,3394
Lawas,5288,3324
Matu,3901,2619
Asajaya,4316,2690
Pakan,3175,2402
Selangau,3588,2211
Tebedu,3439,2160
Pusa,2758,2160
Kabong,3294,2571
Tanjung Manis,3849,2733
Sebauh,4202,2241
Bukit Mabong,4665,3222
Subis,5528,2313
Beluru,4119,2473
Telang Usan,4415,2203
