,states,states_code,id,year,population
0,Selangor,SLG,1,1980,1426250
1,Perak,PRK,2,1980,1743655
2,Pulau Pinang,PP,4,1980,900772
3,Kedah,KDH,5,1980,1077815
4,Perlis,PLS,6,1980,144782
5,Negeri Sembilan,N9,8,1980,551442
6,Melaka,MLK,9,1980,446769
7,Johor Bahru,JB,10,1980,1580423
8,Pahang,PHG,11,1980,768801
9,Terengganu,TRG,12,1980,525255
10,Kelantan,KEL,13,1980,859270
11,Sabah,SBH,15,1980,929299
12,Sarawak,SWK,16,1980,1235553
13,W.P Kuala Lumpur,KL,17,1980,919610
14,W.P Putrajaya,PUT,18,1980,0
15,W.P Labuan,LBN,19,1980,0
16,Selangor,SLG,1,1990,2297159
17,Perak,PRK,2,1990,1877471
18,Pulau Pinang,PP,4,1990,1064166
19,Kedah,KDH,5,1990,1302241
20,Perlis,PLS,6,1990,183824
21,Negeri Sembilan,N9,8,1990,692897
22,Melaka,MLK,9,1990,506321
23,Johor Bahru,JB,10,1990,2069740
24,Pahang,PHG,11,1990,1045003
25,Terengganu,TRG,12,1990,766244
26,Kelantan,KEL,13,1990,1181315
27,Sabah,SBH,15,1990,1734685
28,Sarawak,SWK,16,1990,1642771
29,W.P Kuala Lumpur,KL,17,1990,1145342
30,W.P Putrajaya,PUT,18,1990,0
31,W.P Labuan,LBN,19,1990,0
32,Selangor,SLG,1,2000,3952817
33,Perak,PRK,2,2000,1973368
34,Pulau Pinang,PP,4,2000,1231209
35,Kedah,KDH,5,2000,1571077
36,Perlis,PLS,6,2000,198288
37,Negeri Sembilan,N9,8,2000,829774
38,Melaka,MLK,9,2000,605239
39,Johor Bahru,JB,10,2000,2584997
40,Pahang,PHG,11,2000,1229104
41,Terengganu,TRG,12,2000,880234
42,Kelantan,KEL,13,2000,1287367
43,Sabah,SBH,15,2000,2468246
44,Sarawak,SWK,16,2000,2009893
45,W.P Kuala Lumpur,KL,17,2000,1305792
46,W.P Putrajaya,PUT,18,2000,0
47,W.P Labuan,LBN,19,2000,0
48,Selangor,SLG,1,2010,5345454
49,Perak,PRK,2,2010,2299582
50,Pulau Pinang,PP,4,2010,1526324
51,Kedah,KDH,5,2010,1899751
52,Perlis,PLS,6,2010,225630
53,Negeri Sembilan,N9,8,2010,986204
54,Melaka,MLK,9,2010,790136
55,Johor Bahru,JB,10,2010,3230440
56,Pahang,PHG,11,2010,1440741
57,Terengganu,TRG,12,2010,1011363
58,Kelantan,KEL,13,2010,1470696
59,Sabah,SBH,15,2010,3117405
60,Sarawak,SWK,16,2010,2399839
61,W.P Kuala Lumpur,KL,17,2010,1588750
62,W.P Putrajaya,PUT,18,2010,68361
63,W.P Labuan,LBN,19,2010,83920
64,Selangor,SLG,1,2020,6944423
65,Perak,PRK,2,2020,2496041
66,Pulau Pinang,PP,4,2020,1740405
67,Kedah,KDH,5,2020,2131427
68,Perlis,PLS,6,2020,284885
69,Negeri Sembilan,N9,8,2020,1199974
70,Melaka,MLK,9,2020,998428
71,Johor Bahru,JB,10,2020,4009670
72,Pahang,PHG,11,2020,1591295
73,Terengganu,TRG,12,2020,1149440
74,Kelantan,KEL,13,2020,1792501
75,Sabah,SBH,15,2020,3418785
76,Sarawak,SWK,16,2020,2453677
77,W.P Kuala Lumpur,KL,17,2020,1982112
78,W.P Putrajaya,PUT,18,2020,109202
79,W.P Labuan,LBN,19,2020,95120
